{
  "spans":{
   "Pk5r": {
    "upper": {
      "segmentId": "Svub",
      "distance": 78.9485,
      "end": "End"
    },
    "lower":{
      "segmentId": "Stvm",
      "distance": 0.8495331,
      "end": "End"
    }
   },
   "Pflp": {
    "upper": {
      "segmentId": "Skfc",
      "distance": 75.0277824,
      "end": "end"
    },
    "lower": {
      "segmentId": "Sfx4",
      "distance": 0.000,
      "end": "End"
    }
   },
   "Px7z": {
    "upper": {
      "segmentId": "Skfc",
      "distance": 75.0277824,
      "end": "end"
    },
    "lower": {
      "segmentId": "Sfx4",
      "distance": 0.00,
      "end": "End"
    }
   }
  },
"areas": {
  "bryson-above": {
    "industries": {
      "logcamp1": {
        "components": {
          "lp1": {
            "maxStorage": 2000000.0,
            "carTransferRate": 1000000.0
          }
        }
      }
    }
  },
  "connelly": {
    "industries": {
      "Connelly0": {
        "components": {
          "p34": {
            "maxStorage": 2000000.0,
            "carTransferRate": 1000000.0
          }
        }
      }
    }
  }
 }
}
